year,month,day,deforestation_area_ha
2016,8,2,86328.32865025436
2016,8,3,0.0
2016,8,4,6169.724614992077
2016,8,5,14532.252719098387
2016,8,6,11736.396655974899
2016,8,8,0.0
2016,8,9,2198.8672184578522
2016,8,11,22645.465469413542
2016,8,12,24145.75110311938
2016,8,13,0.0
2016,8,14,6340.376854629148
2016,8,15,23012.89396175196
2016,8,16,0.0
2016,8,17,435273.999792037
2016,8,18,0.0
2016,8,19,219444.87308933784
2016,8,20,0.0
2016,8,21,0.0
2016,8,24,1120.4396577783682
2016,8,27,95574.18411568644
2016,8,28,0.0
2016,8,29,7061.121017323002
2016,8,30,0.0
2016,8,31,66312.85690837218
2016,9,3,0.0
2016,9,4,15558.00714728318
2016,9,5,48680.58405480507
2016,9,6,0.0
2016,9,7,29956.35881158091
2016,9,9,64212.08504595067
2016,9,10,0.0
2016,9,11,17403.060875973926
2016,9,13,0.0
2016,9,19,1850.040671842503
2016,9,21,0.0
2016,9,22,32873.85700211899
2016,9,26,0.0
2016,9,27,0.0
2016,9,28,36659.568026512476
2016,9,29,152620.78973549532
2016,9,30,0.0
2016,10,3,38169.70553023382
2016,10,4,32509.069583473894
2016,10,5,0.0
2016,10,6,0.0
2016,10,7,42498.3049882863
2016,10,9,0.0
2016,10,10,1067.4012568205508
2016,10,12,0.0
2016,10,13,19700.362691380622
2016,10,14,0.0
2016,10,15,53054.86868318989
2016,10,16,7764.592837664961
2016,10,18,17717.400731036585
2016,10,19,0.0
2016,10,20,4371.755094757735
2016,10,21,0.0
2016,10,22,4141.897580274502
2016,10,24,0.0
2016,10,26,1969.9665216288374
2016,10,27,7586.500474477108
2016,10,28,0.0
2016,10,29,0.0
2016,10,30,9639.14054522061
2016,10,31,0.0
2016,11,1,0.0
2016,11,2,31485.05463686102
2016,11,3,0.0
2016,11,5,0.0
2016,11,6,4781.421438369288
2016,11,9,0.0
2016,11,10,0.0
2016,11,11,1702.3664629645314
2016,11,12,0.0
2016,11,15,8890.54599520153
2016,11,16,0.0
2016,11,17,0.0
2016,11,18,730.7539124634905
2016,11,20,0.0
2016,11,22,0.0
2016,11,24,6020.2098929932245
2016,11,25,0.0
2016,11,26,2624.810665590477
2016,11,27,0.0
2016,11,28,0.0
2016,11,29,8642.02531624551
2016,11,30,7004.141208315852
2016,12,2,0.0
2016,12,5,605.2488650346825
2016,12,6,678.4934080540271
2016,12,7,0.0
2016,12,10,600.9488973187187
2016,12,13,0.0
2016,12,28,1078.5032783125962
2017,1,4,0.0
2017,1,10,408.82919683419004
2017,1,11,5.133515044504065
2017,1,15,653.2113930029154
2017,1,16,0.0
2017,1,22,0.0
2017,1,24,0.0
2017,1,26,1171.4512761612114
2017,2,4,0.0
2017,2,5,1283.331957577183
2017,2,6,0.0
2017,2,18,1516.0605635387224
2017,2,19,0.0
2017,2,24,5944.9335419109475
2017,3,5,0.0
2017,3,6,1481.8591921255963
2017,3,10,0.0
2017,3,12,0.0
2017,3,15,154.62401376447576
2017,3,16,0.0
2017,3,22,0.0
2017,3,24,598.9472816440312
2017,3,25,365.464287470316
2017,3,26,0.0
2017,3,28,0.0
2017,3,29,777.862420285367
2017,3,30,0.0
2017,4,1,0.0
2017,4,4,0.0
2017,4,5,28.252580651825056
2017,4,8,2054.1460847052454
2017,4,9,2796.6123237804886
2017,4,10,0.0
2017,4,11,234.09251747304478
2017,4,13,987.8756823727215
2017,4,15,0.0
2017,4,18,412.77954803492344
2017,4,19,317.5784682760488
2017,4,20,0.0
2017,4,21,3526.082888163197
2017,4,22,0.0
2017,4,23,0.0
2017,4,24,0.0
2017,4,27,111.46714283085453
2017,4,28,72.22861271356729
2017,4,29,0.0
2017,5,1,1256.6487360493961
2017,5,3,0.0
2017,5,4,0.0
2017,5,5,3007.169242191038
2017,5,6,0.0
2017,5,7,17689.86192776794
2017,5,8,0.0
2017,5,10,0.0
2017,5,11,4439.256589341221
2017,5,12,0.0
2017,5,14,0.0
2017,5,20,0.0
2017,5,22,278.0812110900791
2017,5,23,177.27149077122874
2017,5,24,0.0
2017,5,25,5917.191420303502
2017,5,26,0.0
2017,5,27,0.0
2017,5,28,0.0
2017,5,29,0.0
2017,5,31,1092.1543286627848
2017,6,1,0.0
2017,6,4,1295.8980438089272
2017,6,5,0.0
2017,6,6,6608.499481071478
2017,6,7,0.0
2017,6,8,10098.714427200854
2017,6,9,2854.242123170665
2017,6,10,0.0
2017,6,11,0.0
2017,6,12,0.0
2017,6,13,34.93316345633286
2017,6,14,2429.622814909399
2017,6,15,3154.2449106031418
2017,6,16,0.0
2017,6,18,5678.168599047905
2017,6,19,645.820213487149
2017,6,20,0.0
2017,6,21,0.0
2017,6,23,1393.5883840172007
2017,6,24,188.17916599403293
2017,6,25,4646.806175289813
2017,6,27,1134.7457487550673
2017,6,28,0.0
2017,6,30,0.0
2017,7,1,562.6661917676305
2017,7,2,0.0
2017,7,3,10225.373800486297
2017,7,4,0.0
2017,7,5,0.0
2017,7,6,0.0
2017,7,7,1411.7544849748606
2017,7,11,1160.940430625813
2017,7,13,12.285091045777335
2017,7,14,89.82543001830709
2017,7,15,800.5943324285076
2017,7,16,0.0
2017,7,17,4360.701957541688
2017,7,18,0.0
2017,7,19,4790.329320194223
2017,7,20,0.0
2017,7,22,3010.9107566424354
2017,7,23,0.0
2017,7,26,386.41872516630093
2017,7,27,5256.660083655704
2017,7,28,1690.6230895911249
2017,7,29,0.0
2017,7,31,1827.8857487018618
2017,8,2,8949.332787289637
2017,8,3,0.0
2017,8,4,0.0
2017,8,5,3143.627044964756
2017,8,6,7108.4600186374855
2017,8,7,0.0
2017,8,8,0.0
2017,8,9,0.0
2017,8,11,912.2580287719729
2017,8,12,0.0
2017,8,13,0.0
2017,8,14,3601.865011370987
2017,8,15,0.0
2017,8,16,1451.7998512856889
2017,8,17,3990.565693923624
2017,8,18,0.0
2017,8,22,6782.25814249066
2017,8,23,0.0
2017,8,24,0.0
2017,8,25,7537.766833878473
2017,8,27,0.0
2017,8,28,1682.220951362021
2017,8,29,0.0
2017,8,30,139.81989950832985
2017,8,31,15347.317697266612
2017,9,1,3049.3627770641797
2017,9,3,0.0
2017,9,4,66543.04804590462
2017,9,6,0.0
2017,9,7,0.0
2017,9,9,7354.263926026413
2017,9,11,6396.956567191763
2017,9,12,52199.18843795046
2017,9,13,0.0
2017,9,14,1913.7609571420371
2017,9,15,59455.31343195332
2017,9,16,0.0
2017,9,18,121376.07739378838
2017,9,19,44647.78529050053
2017,9,20,0.0
2017,9,21,0.0
2017,9,22,6443.263849839802
2017,9,23,0.0
2017,9,24,19986.057654685712
2017,9,25,0.0
2017,9,27,0.0
2017,9,29,81703.62615714726
2017,9,30,0.0
2017,10,2,6299.980139783749
2017,10,3,0.0
2017,10,4,327457.7004789089
2017,10,5,0.0
2017,10,6,0.0
2017,10,7,277.2516820361998
2017,10,8,1447.6097008027991
2017,10,9,0.0
2017,10,10,342.957962517848
2017,10,11,34297.987726343104
2017,10,13,35765.88534043727
2017,10,16,0.0
2017,10,17,0.0
2017,10,18,45376.3859370525
2017,10,19,0.0
2017,10,20,1100.493180610738
2017,10,21,0.0
2017,10,22,3334.4086477088968
2017,10,24,6318.683476068568
2017,10,25,0.0
2017,10,26,0.0
2017,10,27,5818.734024224732
2017,10,28,0.0
2017,10,29,3101.98178683285
2017,10,31,0.0
2017,11,2,8108.877062226714
2017,11,3,21128.829438514447
2017,11,4,0.0
2017,11,5,1194.3556271990929
2017,11,6,3040.617924093496
2017,11,7,0.0
2017,11,8,0.0
2017,11,9,11723.804082745726
2017,11,10,0.0
2017,11,11,164.04496457282966
2017,11,12,39009.467920970375
2017,11,14,0.0
2017,11,15,2705.117102335154
2017,11,17,0.0
2017,11,18,13829.529175834685
2017,11,19,0.0
2017,11,20,87.46281022636344
2017,11,21,32353.139989855907
2017,11,22,0.0
2017,11,23,880.2939384492701
2017,11,25,21468.258376065805
2017,11,27,1390.2636815742662
2017,11,28,0.0
2017,11,29,15515.174299532602
2017,11,30,0.0
2017,12,1,0.0
2017,12,2,1642.7413116040163
2017,12,4,456.3139476119363
2017,12,5,7147.179925274739
2017,12,7,6010.310970100454
2017,12,8,0.0
2017,12,9,0.0
2017,12,10,3886.9305719963163
2017,12,11,4986.060076102226
2017,12,12,0.0
2017,12,13,0.0
2017,12,14,21.30740792965895
2017,12,15,0.0
2017,12,16,2831.6388647743656
2017,12,17,1316.6913054644292
2017,12,18,0.0
2017,12,19,29880.1274652038
2017,12,20,0.0
2017,12,22,10889.784531782214
2017,12,23,0.0
2017,12,28,56930.698710255754
2017,12,29,0.0
2017,12,30,0.0
2017,12,31,7848.370916681271
2018,1,1,0.0
2018,1,2,0.0
2018,1,4,207.21147158776353
2018,1,5,0.0
2018,1,9,0.0
2018,1,11,7583.484184111973
2018,1,12,0.0
2018,1,13,905.3178250709226
2018,1,14,45.645204999347015
2018,1,15,4701.170918607274
2018,1,16,0.0
2018,1,17,66261.97873285422
2018,1,18,0.0
2018,1,21,0.0
2018,1,22,3532.7477464595668
2018,1,23,64662.90569059569
2018,1,24,0.0
2018,1,26,314.4012266669
2018,1,30,14549.102944954831
2018,2,5,0.0
2018,2,9,2831.123988717545
2018,2,10,0.0
2018,2,11,30688.954023458315
2018,2,15,0.0
2018,2,16,10105.72349453238
2018,2,19,0.0
2018,2,20,0.0
2018,2,22,0.0
2018,2,24,879.8259923909316
2018,2,26,0.0
2018,2,27,9363.889549448779
2018,2,28,0.0
2018,3,1,6819.095345950192
2018,3,2,13639.254450096267
2018,3,3,0.0
2018,3,4,8382.895937854533
2018,3,5,1871.616775883649
2018,3,7,0.0
2018,3,9,0.0
2018,3,11,0.0
2018,3,15,7452.299553929461
2018,3,16,0.0
2018,3,18,1658.1982487375267
2018,3,20,9474.111593675696
2018,3,21,18839.518500501927
2018,3,22,0.0
2018,3,24,6748.918910932602
2018,3,25,0.0
2018,3,26,408.2828562099594
2018,3,27,3260.6951652069547
2018,3,28,0.0
2018,3,29,0.0
2018,4,1,11536.37711261184
2018,4,2,0.0
2018,4,3,0.0
2018,4,4,4297.266728628618
2018,4,5,1896.7292451777266
2018,4,6,0.0
2018,4,7,25.282941472564104
2018,4,9,933.2946272282336
2018,4,10,0.0
2018,4,11,518.3570733430759
2018,4,12,0.0
2018,4,13,390.7086752676272
2018,4,15,0.0
2018,4,17,9489.942357365497
2018,4,18,0.0
2018,4,19,36924.960824578986
2018,4,20,0.0
2018,4,21,0.0
2018,4,22,6076.500473641874
2018,4,23,13878.891245472449
2018,4,24,0.0
2018,4,25,1783.468734664201
2018,4,27,18590.526967542053
2018,4,28,0.0
2018,4,29,0.0
2018,4,30,54.48603338517587
2018,5,1,1562.4739465253572
2018,5,2,12803.108359532918
2018,5,3,0.0
2018,5,13,0.0
2018,5,14,0.0
2018,5,15,134.6255526355555
2018,5,16,0.0
2018,5,18,1561.3478751327157
2018,5,19,0.0
2018,5,21,2347.4861953061995
2018,5,22,19587.289501327956
2018,5,23,0.0
2018,5,24,10421.542595077237
2018,5,25,0.0
2018,5,26,1148.9826364522896
2018,5,27,0.0
2018,5,28,0.0
2018,5,29,0.0
2018,5,30,15597.96930541542
2018,5,31,0.0
2018,6,1,0.0
2018,6,2,6016.630627368293
2018,6,3,0.0
2018,6,4,121.28126523137405
2018,6,5,2183.897610730511
2018,6,6,0.0
2018,6,8,588.3034410647824
2018,6,9,10739.348144196014
2018,6,10,0.0
2018,6,11,2325.6396184331957
2018,6,12,0.0
2018,6,13,664.4651378650851
2018,6,14,1219.7326677781048
2018,6,16,0.0
2018,6,17,0.0
2018,6,19,3326.3886535735983
2018,6,20,4067.460206553232
2018,6,24,4438.154207284499
2018,6,25,0.0
2018,6,26,0.0
2018,6,27,5318.070649377689
2018,6,28,11481.940157840716
2018,6,29,0.0
2018,6,30,28718.48483161327
2018,7,1,0.0
2018,7,2,1694.282269735777
2018,7,3,0.0
2018,7,4,13256.211929744048
2018,7,5,0.0
2018,7,6,0.0
2018,7,7,0.0
2018,7,8,0.0
2018,7,11,10780.55184183315
2018,7,12,0.0
2018,7,13,5460.291708818752
2018,7,14,0.0
2018,7,16,0.0
2018,7,17,2146.103507805274
2018,7,18,1216.756473979951
2018,7,19,3571.8423265528318
2018,7,20,0.0
2018,7,23,47279.562961174845
2018,7,26,0.0
2018,7,27,2153.636424067132
2018,7,28,0.0
2018,7,29,0.0
2018,7,30,3595.8002678832045
2018,7,31,0.0
2018,8,1,747.1830366448785
2018,8,2,0.0
2018,8,3,2701.5014378344467
2018,8,4,236.7926369772581
2018,8,5,0.0
2018,8,7,0.0
2018,8,8,0.0
2018,8,9,4842.25373794988
2018,8,10,0.0
2018,8,11,2323.6806348442174
2018,8,12,0.0
2018,8,13,9937.360180559153
2018,8,14,0.0
2018,8,15,0.0
2018,8,16,14001.946224360096
2018,8,17,0.0
2018,8,18,5655.157374683728
2018,8,20,0.0
2018,8,21,24043.38407159422
2018,8,22,0.0
2018,8,23,15484.382468405829
2018,8,24,0.0
2018,8,27,153.4573761703016
2018,8,28,10819.51928675659
2018,8,30,0.0
2018,8,31,20445.597916827785
2018,9,2,0.0
2018,9,3,0.0
2018,9,4,4212.947727128323
2018,9,5,28652.860681762904
2018,9,6,0.0
2018,9,7,9962.471601912423
2018,9,8,3604.035530361658
2018,9,9,0.0
2018,9,10,4007.2906995044764
2018,9,11,12404.184862957793
2018,9,12,0.0
2018,9,13,10657.88227383753
2018,9,14,0.0
2018,9,16,1214.3672937975257
2018,9,17,18175.484188953284
2018,9,18,8075.693964055612
2018,9,19,0.0
2018,9,20,0.0
2018,9,21,874.3742059049732
2018,9,22,1598.1581461285896
2018,9,23,13282.565346133233
2018,9,24,0.0
2018,9,25,1505.7839573301576
2018,9,26,13833.487268537054
2018,9,27,0.0
2018,9,28,0.0
2018,9,29,22184.060877254164
2018,9,30,0.0
2018,10,1,1811.1460776960234
2018,10,2,0.0
2018,10,4,8053.817691711197
2018,10,5,0.0
2018,10,6,0.0
2018,10,7,2175.971013948853
2018,10,8,0.0
2018,10,10,2901.6135653464453
2018,10,12,0.0
2018,10,13,4635.0576469606995
2018,10,14,0.0
2018,10,15,14789.00206387832
2018,10,16,0.0
2018,10,17,0.0
2018,10,18,0.0
2018,10,19,452.686691921597
2018,10,20,0.0
2018,10,21,2321.377772444431
2018,10,22,0.0
2018,10,23,0.0
2018,10,24,4133.316487577468
2018,10,25,1564.9501481568232
2018,10,26,0.0
2018,10,27,998.7437388481276
2018,10,28,6728.350239284542
2018,10,30,192.14862233484564
2018,10,31,0.0
2018,11,1,2696.865738535037
2018,11,2,0.0
2018,11,3,3815.352115740796
2018,11,5,0.0
2018,11,7,0.0
2018,11,8,0.0
2018,11,9,0.0
2018,11,10,484.37510396855157
2018,11,11,227.97061299282063
2018,11,12,0.0
2018,11,14,807.1954558040223
2018,11,16,0.0
2018,11,17,19237.556783473658
2018,11,18,0.0
2018,11,19,5551.446745384657
2018,11,20,0.0
2018,11,22,0.0
2018,11,23,0.0
2018,11,24,178.39683257649205
2018,12,9,3.1702458054671467
2018,12,11,354.37845267757086
2018,12,12,2245.7288324811234
2018,12,13,0.0
2018,12,17,0.0
2018,12,18,579.9617439393544
2018,12,19,700.9289798945381
2019,1,1,0.0
2019,1,2,2117.304947071506
2019,1,3,0.0
2019,1,8,686.4406763625773
2019,1,10,74.17641922746168
2019,1,11,0.0
2019,1,12,129.60435614687526
2019,1,13,227.53035422230735
2019,1,15,0.0
2019,1,16,1647.4876189287006
2019,1,17,0.0
2019,1,18,0.0
2019,1,19,1354.8194133333106
2019,1,20,0.0
2019,1,21,10.556999367244217
2019,1,22,1074.6270122573285
2019,1,24,0.0
2019,1,25,163.5408824622541
2019,1,27,3929.846386870586
2019,1,30,0.0
2019,1,31,9056.06551544027
2019,2,2,0.0
2019,2,3,0.0
2019,2,4,0.0
2019,2,5,4135.595963074085
2019,2,7,0.0
2019,2,8,0.0
2019,2,11,1401.1116634106236
2019,2,12,0.0
2019,2,13,0.0
2019,2,15,0.0
2019,2,18,43.21152035992969
2019,2,19,3585.50338652003
2019,2,20,0.0
2019,2,21,0.0
2019,2,22,0.0
2019,2,23,61.73239048779594
2019,2,26,0.0
2019,2,27,0.0
2019,2,28,421.1402792635307
2019,3,2,9479.454860027228
2019,3,5,0.0
2019,3,8,8640.70101608613
2019,3,9,0.0
2019,3,10,0.0
2019,3,14,12329.841445981168
2019,3,15,0.0
2019,3,16,0.0
2019,3,17,5323.483696886012
2019,3,18,3350.331924300379
2019,3,20,0.0
2019,3,21,0.0
2019,3,23,1029.846435881483
2019,3,24,0.0
2019,3,25,15690.04711335987
2019,3,26,0.0
2019,3,27,0.0
2019,3,29,0.0
2019,3,30,351.60007232763206
2019,3,31,2300.473762503778
2019,4,1,1900.7032536203192
2019,4,2,0.0
2019,4,4,208.04241180109284
2019,4,5,0.0
2019,4,6,72798.4672825549
2019,4,8,0.0
2019,4,12,5519.668937257962
2019,4,13,0.0
2019,4,15,0.0
2019,4,16,857.1579747246876
2019,4,19,2527.1814396184855
2019,4,21,0.0
2019,4,22,0.0
2019,4,23,87.98876765414116
2019,4,24,623.6269896868887
2019,4,25,0.0
2019,4,26,74.3951621780696
2019,4,27,574.0556135203464
2019,4,29,0.0
2019,4,30,453.32147019882143
2019,5,4,0.0
2019,5,5,212.9520222877111
2019,5,6,14503.241323068363
2019,5,8,0.0
2019,5,9,0.0
2019,5,10,0.0
2019,5,11,0.0
2019,5,12,192.83110071952203
2019,5,15,800.4984148492189
2019,5,17,3896.3075899830937
2019,5,18,951.5274702636152
2019,5,20,4136.681386346176
2019,5,21,0.0
2019,5,22,0.0
2019,5,23,1152.7859501960888
2019,5,24,0.0
2019,5,25,307.86627153827726
2019,5,26,435.24218935630563
2019,5,27,0.0
2019,5,28,3996.065106618568
2019,5,29,4778.362921832998
2019,5,30,0.0
2019,5,31,2043.3859991970517
2019,6,1,5372.654888859893
2019,6,2,0.0
2019,6,3,12660.09863132322
2019,6,4,0.0
2019,6,6,0.0
2019,6,7,954.6682771508877
2019,6,8,0.0
2019,6,9,3250.5777345883125
2019,6,10,27623.883558201844
2019,6,11,0.0
2019,6,12,2323.6640339102214
2019,6,14,0.0
2019,6,15,0.0
2019,6,16,8298.437617522279
2019,6,17,0.0
2019,6,18,2617.902916936331
2019,6,19,0.0
2019,6,21,4590.192649026627
2019,6,22,2774.672835576961
2019,6,23,0.0
2019,6,24,19319.761708875878
2019,6,25,0.0
2019,6,26,0.8166246720866184
2019,6,27,4267.170196526957
2019,6,28,0.0
2019,6,30,24941.429322779048
2019,7,1,0.0
2019,7,2,7921.180970151979
2019,7,3,0.0
2019,7,4,0.0
2019,7,5,3720.910060885839
2019,7,6,1632.3233986820305
2019,7,8,18276.506654679048
2019,7,9,0.0
2019,7,10,6056.300639435249
2019,7,11,8586.634580673304
2019,7,12,0.0
2019,7,13,0.0
2019,7,14,15821.42051050943
2019,7,15,0.0
2019,7,16,0.0
2019,7,17,16797.284375926454
2019,7,18,0.0
2019,7,19,0.0
2019,7,20,36417.74322390629
2019,7,21,0.0
2019,7,22,3087.8633860496684
2019,7,23,8568.647091938597
2019,7,24,0.0
2019,7,25,10687.450731975026
2019,7,26,19081.682487433463
2019,7,27,0.0
2019,7,28,0.0
2019,7,29,32950.84400198661
2019,7,30,0.0
2019,7,31,929.9290974073101
2019,8,1,9135.095295106894
2019,8,2,0.0
2019,8,3,0.0
2019,8,4,0.0
2019,8,6,13448.979121178743
2019,8,7,0.0
2019,8,8,0.0
2019,8,9,18507.731854978098
2019,8,10,11412.412264624549
2019,8,11,0.0
2019,8,12,16296.229444130959
2019,8,13,0.0
2019,8,14,0.0
2019,8,15,2499.467848551725
2019,8,16,0.0
2019,8,17,2821.213463761457
2019,8,18,36781.218381192295
2019,8,19,0.0
2019,8,20,6480.022631095879
2019,8,21,17922.139295277335
2019,8,22,0.0
2019,8,23,1453.828348660254
2019,8,24,13745.226132684784
2019,8,25,0.0
2019,8,26,203.5173644367178
2019,8,27,15483.473869061087
2019,8,28,0.0
2019,8,29,28712.29258083527
2019,8,30,0.0
2019,8,31,0.0
2019,9,1,19958.829035048257
2019,9,2,34261.93840388708
2019,9,3,0.0
2019,9,4,3098.6339142968973
2019,9,5,8558.175944497689
2019,9,7,42846.56127843046
2019,9,8,0.0
2019,9,9,26825.927138463896
2019,9,10,14068.607574733054
2019,9,11,0.0
2019,9,12,0.0
2019,9,13,22596.13626229143
2019,9,14,0.0
2019,9,15,7030.24429152695
2019,9,16,123501.07087885053
2019,9,17,0.0
2019,9,18,3436.883651468539
2019,9,19,50237.257379371564
2019,9,20,0.0
2019,9,21,15.832186615197315
2019,9,22,1660.6026189416734
2019,9,23,0.0
2019,9,24,11155.169566537976
2019,9,25,18564.54854982657
2019,9,26,0.0
2019,9,27,11420.287569100083
2019,9,28,3860.395279561346
2019,9,29,0.0
2019,9,30,4514.099243922701
2019,10,1,0.0
2019,10,2,2698.558009441126
2019,10,3,26064.73729427616
2019,10,4,0.0
2019,10,5,0.0
2019,10,6,12040.23200938147
2019,10,7,0.0
2019,10,8,4153.844622250218
2019,10,9,1936.262953441459
2019,10,11,0.0
2019,10,12,25176.613527791535
2019,10,14,0.0
2019,10,15,6018.398895860747
2019,10,17,0.0
2019,10,18,10073.14335266037
2019,10,19,0.0
2019,10,20,0.0
2019,10,21,5588.600997932093
2019,10,22,0.0
2019,10,23,1070.4844913404625
2019,10,24,3401.412900960508
2019,10,25,0.0
2019,10,26,1557.485707001349
2019,10,27,0.0
2019,10,29,0.0
2019,10,30,11637.772368601805
2019,10,31,0.0
2019,11,1,4408.821934998183
2019,11,2,909.5272651552696
2019,11,4,0.0
2019,11,5,7472.842946230781
2019,11,6,0.0
2019,11,7,15569.295430248292
2019,11,9,0.0
2019,11,10,6613.388272505252
2019,11,11,0.0
2019,11,12,123.909568098509
2019,11,13,7236.059553688825
2019,11,15,0.0
2019,11,16,4120.131026802557
2019,11,17,0.0
2019,11,19,0.0
2019,11,20,0.0
2019,11,21,3612.1746755719428
2019,11,22,0.0
2019,11,24,3803.2938498425797
2019,11,25,3049.7881271754977
2019,11,26,0.0
2019,11,27,0.0
2019,11,28,0.0
2019,11,30,7679.9724448533425
2019,12,1,0.0
2019,12,3,3308.2574052324853
2019,12,4,0.0
2019,12,5,5692.898915190721
2019,12,6,0.0
2019,12,7,777.7690064034243
2019,12,8,0.0
2019,12,9,122.13787153371103
2019,12,10,0.0
2019,12,11,71.96280957643651
2019,12,12,3752.035518066905
2019,12,13,0.0
2019,12,14,861.5674353542063
2019,12,15,1861.4428384115527
2019,12,16,0.0
2019,12,17,1293.2050822992492
2019,12,18,244.80133614368015
2019,12,20,0.0
2019,12,24,806.4833531000472
2019,12,25,0.0
2019,12,26,793.109989680685
2019,12,28,0.0
2019,12,31,0.0
2020,1,1,0.0
2020,1,2,21.54808202717961
2020,1,3,1499.088336579179
2020,1,5,0.0
2020,1,6,5277.553689976641
2020,1,7,0.0
2020,1,8,0.0
2020,1,9,0.0
2020,1,10,279.0009475444963
2020,1,12,0.0
2020,1,13,89.93198447359481
2020,1,15,8118.0696377981085
2020,1,16,0.0
2020,1,17,808.5826253526827
2020,1,18,11032.496798457958
2020,1,19,0.0
2020,1,20,9.620351183831133
2020,1,21,6570.007457736476
2020,1,23,0.0
2020,1,24,6235.006909224157
2020,1,27,0.0
2020,1,29,0.0
2020,1,30,873.6336766183175
2020,2,1,4214.648647266284
2020,2,2,1439.00292179203
2020,2,4,0.0
2020,2,7,0.0
2020,2,10,1132.054753018896
2020,2,11,0.0
2020,2,13,44.25670191157576
2020,2,14,829.9695318987428
2020,2,15,65.32058363141982
2020,2,16,2607.8634436520733
2020,2,17,0.0
2020,2,18,5395.079133799071
2020,2,21,0.0
2020,2,23,0.0
2020,2,24,0.0
2020,2,27,243.14522010473834
2020,2,28,22.41832670526685
2020,3,1,0.0
2020,3,2,0.0
2020,3,3,994.2540979338409
2020,3,7,0.0
2020,3,8,0.0
2020,3,9,1875.943821607587
2020,3,10,0.0
2020,3,11,0.0
2020,3,12,6416.192652320407
2020,3,13,0.0
2020,3,23,0.0
2020,3,24,548.1052089667363
2020,3,25,0.0
2020,3,26,0.0
2020,3,27,3259.1096444996965
2020,3,28,0.0
2020,3,29,0.0
2020,3,30,11677.532844766842
2020,3,31,0.0
2020,4,1,0.0
2020,4,2,6314.964273011614
2020,4,3,0.0
2020,4,4,2408.9449814643517
2020,4,5,3723.1131026175153
2020,4,6,0.0
2020,4,7,3896.1431971525026
2020,4,8,0.0
2020,4,9,0.0
2020,4,11,0.0
2020,4,16,850.1464883900317
2020,4,17,0.0
2020,4,19,429.6725342702854
2020,4,20,0.0
2020,4,21,137.17535508048942
2020,4,22,135.22673670250563
2020,4,23,541.893841907786
2020,4,24,1626.5023065921127
2020,4,25,0.0
2020,4,26,2135.216647881582
2020,4,27,0.0
2020,4,28,8083.333187364156
2020,4,30,0.0
2020,5,1,10033.618059048664
2020,5,2,0.0
2020,5,3,0.0
2020,5,4,8170.244850558095
2020,5,7,0.0
2020,5,9,4919.514544449258
2020,5,10,0.0
2020,5,12,237.56198431577099
2020,5,13,8842.181548972894
2020,5,14,0.0
2020,5,16,2126.547489119265
2020,5,17,2378.2770455275213
2020,5,18,0.0
2020,5,19,0.6191463973339069
2020,5,20,66.62598361752771
2020,5,21,7195.0276847645755
2020,5,22,0.0
2020,5,23,278.9178740929863
2020,5,24,72.63178836055033
2020,5,25,1441.6574267616104
2020,5,26,0.0
2020,5,27,4603.445641097508
2020,5,28,0.0
2020,5,29,13450.295186231675
2020,5,30,0.0
2020,5,31,0.0
2020,6,1,1717.7618288570802
2020,6,2,2479.8217585286193
2020,6,3,0.0
2020,6,4,550.7164710859331
2020,6,5,4660.036429897186
2020,6,6,0.0
2020,6,7,2109.659024030525
2020,6,8,18053.48744069678
2020,6,9,0.0
2020,6,10,943.9360432359649
2020,6,11,0.0
2020,6,12,0.0
2020,6,13,3251.453885845452
2020,6,14,10027.814394346487
2020,6,15,0.0
2020,6,16,14858.073356220546
2020,6,17,0.0
2020,6,18,1988.0370729898207
2020,6,19,6951.029862736172
2020,6,20,0.0
2020,6,21,0.0
2020,6,22,7583.720374880516
2020,6,23,0.0
2020,6,24,1299.9209563270051
2020,6,25,4273.133372195834
2020,6,26,0.0
2020,6,27,2638.740219897516
2020,6,29,0.0
2020,6,30,10818.07696163457
2020,7,1,0.0
2020,7,2,0.0
2020,7,3,2862.812815220573
2020,7,5,0.0
2020,7,6,2026.5338741314804
2020,7,7,0.0
2020,7,8,0.0
2020,7,9,9279.443754994538
2020,7,10,0.0
2020,7,11,0.0
2020,7,12,12108.434251404664
2020,7,13,0.0
2020,7,14,8132.106148859322
2020,7,15,48101.382057750714
2020,7,16,0.0
2020,7,17,10792.65334817831
2020,7,18,12681.940207572083
2020,7,19,0.0
2020,7,20,0.0
2020,7,21,19461.223905916082
2020,7,22,0.0
2020,7,23,0.0
2020,7,24,2528.0271900101943
2020,7,25,0.0
2020,7,27,38036.56123746354
2020,7,28,0.0
2020,7,29,6894.351338033854
2020,7,30,6322.846239247525
2020,7,31,0.0
2020,8,1,6670.42383872744
2020,8,2,0.0
2020,8,3,0.0
2020,8,4,21126.374267361178
2020,8,5,0.0
2020,8,6,0.0
2020,8,7,27629.216485218334
2020,8,8,0.0
2020,8,9,0.0
2020,8,10,11717.721600485103
2020,8,11,0.0
2020,8,12,0.0
2020,8,13,7742.384677882763
2020,8,14,0.0
2020,8,15,5458.01796058528
2020,8,16,12947.624943821389
2020,8,17,0.0
2020,8,18,1816.4482496557257
2020,8,19,14300.298725376124
2020,8,20,0.0
2020,8,21,0.0
2020,8,22,16817.688286463675
2020,8,23,0.0
2020,8,24,1175.9961070897616
2020,8,25,8032.429922575184
2020,8,26,0.0
2020,8,27,0.0
2020,8,28,1105.7529036870465
2020,8,29,0.0
2020,8,30,5178.239637050468
2020,8,31,0.0
2020,9,1,1088.8919308884733
2020,9,2,29014.82057012885
2020,9,3,0.0
2020,9,4,0.0
2020,9,5,109056.13485112804
2020,9,6,0.0
2020,9,7,0.0
2020,9,8,77118.65117344892
2020,9,9,0.0
2020,9,10,0.0
2020,9,11,144412.15148908674
2020,9,12,0.0
2020,9,13,4538.246490949499
2020,9,14,219936.15518151503
2020,9,15,0.0
2020,9,16,368.0317146910138
2020,9,17,88716.3059143224
2020,9,18,0.0
2020,9,19,955.2588623151033
2020,9,20,56545.2124121004
2020,9,21,0.0
2020,9,22,1678.947886649199
2020,9,23,51753.60062677141
2020,9,24,0.0
2020,9,25,46772.63372460048
2020,9,26,0.0
2020,9,27,0.0
2020,9,28,78847.61400556924
2020,9,29,0.0
2020,9,30,0.0
2020,10,1,58570.94552462715
2020,10,2,0.0
2020,10,3,0.0
2020,10,4,54853.13826810184
2020,10,5,0.0
2020,10,6,0.0
2020,10,7,63308.59777098915
2020,10,8,0.0
2020,10,9,0.0
2020,10,10,44707.770117467975
2020,10,12,0.0
2020,10,13,15803.70722107029
2020,10,14,0.0
2020,10,15,2769.431868233673
2020,10,16,62653.033315796005
2020,10,17,0.0
2020,10,18,6106.5900666011485
2020,10,19,0.0
2020,10,20,0.0
2020,10,21,26121.52481688697
2020,10,22,0.0
2020,10,23,1125.5565726563245
2020,10,24,0.0
2020,10,25,5712.592898148987
2020,10,26,0.0
2020,10,27,3390.224757092761
2020,10,28,0.0
2020,10,29,0.0
2020,11,1,1434.4044151518142
2020,11,2,12516.71086009136
2020,11,3,0.0
2020,11,4,5893.128295359903
2020,11,5,4536.647541537727
2020,11,6,0.0
2020,11,7,1015.3361375141001
2020,11,8,11028.442950432158
2020,11,9,0.0
2020,11,10,3193.2823465655856
2020,11,11,10804.089872884259
2020,11,12,0.0
2020,11,14,3765.9716602327026
2020,11,15,0.0
2020,11,16,11781.068137452521
2020,11,17,0.0
2020,11,18,0.0
2020,11,19,0.0
2020,11,20,0.0
2020,11,21,1065.9270347735278
2020,11,22,10574.414149653563
2020,11,23,0.0
2020,11,25,2163.77677358346
2020,11,26,0.0
2020,11,28,16896.340185004163
2020,11,29,0.0
2020,11,30,979.0679413543648
2020,12,1,9952.51391677427
2020,12,3,0.0
2020,12,4,2871.382336328561
2020,12,6,0.0
2020,12,7,0.0
2020,12,8,117.03234816408684
2020,12,9,0.0
2020,12,10,0.0
2020,12,11,1.5116562776758684
2020,12,13,5074.104168186718
2020,12,14,0.0
2020,12,15,5802.614366443188
2020,12,16,0.0
2020,12,17,0.0
2020,12,18,1993.2828980466215
2020,12,19,0.0
2020,12,20,73.38734124792742
2020,12,22,251.56056863732755
2020,12,24,387.9988890946419
2020,12,28,0.0
2020,12,30,1405.4928387784482
2021,1,1,0.0
2021,1,2,21.51797996018979
2021,1,4,0.0
2021,1,7,163.54395646923018
2021,1,8,1392.962278269818
2021,1,9,523.6533026248635
2021,1,10,0.0
2021,1,11,311.12533585015495
2021,1,12,0.0
2021,1,13,160.63532851868578
2021,1,16,623.9998732123959
2021,1,18,0.0
2021,1,20,18.863157291365127
2021,1,21,229.29518165938524
2021,1,23,0.0
2021,1,24,671.2616155910426
2021,1,25,2577.023085903911
2021,1,26,0.0
2021,1,27,199.59098905947593
2021,1,28,496.5710380457688
2021,1,31,2236.749153867119
2021,2,1,0.0
2021,2,2,2526.423826855059
2021,2,3,0.0
2021,2,4,0.0
2021,2,6,0.0
2021,2,7,376.78002816514766
2021,2,8,0.0
2021,2,10,390.1435676104296
2021,2,11,0.0
2021,2,12,3.824520231025531
2021,2,15,0.0
2021,2,18,10.984293642719015
2021,2,19,2050.2776579462034
2021,2,22,0.0
2021,2,23,0.0
2021,2,24,997.8184924357723
2021,2,25,0.0
2021,2,28,0.0
2021,3,4,3901.6303138474555
2021,3,8,0.0
2021,3,9,0.0
2021,3,10,0.0
2021,3,11,23.817857479749676
2021,3,12,197.64414215505505
2021,3,13,0.0
2021,3,15,6956.839243925571
2021,3,17,0.0
2021,3,20,0.0
2021,3,21,0.0
2021,3,24,6961.310048470405
2021,3,25,0.0
2021,3,26,4417.849051859952
2021,3,28,0.0
2021,3,29,5488.323262133609
2021,3,30,0.0
2021,3,31,0.0
2021,4,1,0.0
2021,4,3,0.0
2021,4,4,8784.155577167152
2021,4,5,0.0
2021,4,7,5672.011236423309
2021,4,8,1946.522551191414
2021,4,9,0.0
2021,4,10,1512.4380939546738
2021,4,11,0.0
2021,4,12,2329.291258433872
2021,4,13,5340.753151189041
2021,4,14,0.0
2021,4,15,3062.1436209312105
2021,4,16,742.2843815090496
2021,4,17,0.0
2021,4,18,0.0
2021,4,19,416.5914681899625
2021,4,20,0.0
2021,4,21,3288.220842098797
2021,4,22,0.0
2021,4,24,9565.477161476838
2021,4,25,0.0
2021,4,26,0.0
2021,4,27,2148.63767760083
2021,4,28,515.6709995046599
2021,4,29,0.0
2021,5,2,0.0
2021,5,3,7426.265290261434
2021,5,4,0.0
2021,5,5,5706.471910415764
2021,5,6,10105.545716018685
2021,5,7,0.0
2021,5,8,0.0
2021,5,9,2020.034039841102
2021,5,10,626.1522691869409
2021,5,11,13325.580746093348
2021,5,12,0.0
2021,5,13,0.0
2021,5,14,4599.0884982507705
2021,5,15,0.0
2021,5,16,0.0
2021,5,17,0.0
2021,5,18,11977.710966859477
2021,5,19,0.0
2021,5,20,8455.002922325028
2021,5,21,0.0
2021,5,22,1328.8178286174152
2021,5,23,0.0
2021,5,24,0.0
2021,5,25,1973.6380927899029
2021,5,26,28190.070278998763
2021,5,27,0.0
2021,5,28,3570.0030128013623
2021,5,29,6151.3568569807685
2021,5,30,0.0
2021,5,31,9338.74925035986
2021,6,1,19398.02209666701
2021,6,2,0.0
2021,6,3,23655.352639087607
2021,6,4,0.0
2021,6,5,0.0
2021,6,6,1098.3301221846095
2021,6,7,7409.378878218256
2021,6,8,0.0
2021,6,9,2551.555051891152
2021,6,10,2913.141880443592
2021,6,11,0.0
2021,6,12,0.0
2021,6,13,5101.157073807812
2021,6,14,0.0
2021,6,15,5493.936837282449
2021,6,16,0.0
2021,6,17,6017.771243389964
2021,6,18,0.0
2021,6,19,0.0
2021,6,20,0.0
2021,6,21,14515.497481095901
2021,6,22,0.0
2021,6,24,0.0
2021,6,25,0.0
2021,6,26,14064.849910791878
2021,6,27,0.0
2021,6,28,0.0
2021,6,29,0.0
2021,6,30,16104.177918299343
2021,7,1,0.0
2021,7,2,8918.822870095597
2021,7,4,0.0
2021,7,5,1604.7927896161636
2021,7,6,4069.043195083189
2021,7,7,6520.849187831769
2021,7,8,0.0
2021,7,9,0.0
2021,7,10,2831.7335688177277
2021,7,11,1498.816939726571
2021,7,12,0.0
2021,7,13,3560.5193279220803
2021,7,14,1386.596433105442
2021,7,16,0.0
2021,7,17,1587.875466583293
2021,7,18,0.0
2021,7,19,13394.442709468945
2021,7,20,0.0
2021,7,21,9185.700656163464
2021,7,22,0.0
2021,7,23,3415.7893791380448
2021,7,24,0.0
2021,7,25,0.0
2021,7,26,27917.35445778634
2021,7,27,0.0
2021,7,28,0.0
2021,7,29,4073.89549329476
2021,7,30,0.0
2021,7,31,12843.518617748283
2021,8,1,0.0
2021,8,2,7018.621265624427
2021,8,3,3384.014917874587
2021,8,4,0.0
2021,8,5,4090.8766872613783
2021,8,6,3816.7151784151483
2021,8,7,0.0
2021,8,8,0.0
2021,8,9,5614.280886018692
2021,8,10,0.0
2021,8,11,10797.678847656636
2021,8,12,0.0
2021,8,13,0.0
2021,8,14,1241.6370316070534
2021,8,15,3825.1620950193055
2021,8,16,0.0
2021,8,17,0.0
2021,8,18,27112.30935913979
2021,8,19,0.0
2021,8,20,4913.928927450603
2021,8,21,31500.793336868686
2021,8,22,0.0
2021,8,23,5986.050394997235
2021,8,24,13485.534921420383
2021,8,25,0.0
2021,8,26,29828.775310318688
2021,8,27,0.0
2021,8,28,0.0
2021,8,29,6746.518951940549
2021,8,30,5148.288518676781
2021,8,31,0.0
2021,9,1,0.0
2021,9,2,208.7516694199321
2021,9,3,6209.20117049212
2021,9,4,3836.195154254441
2021,9,5,0.0
2021,9,6,7812.410832320554
2021,9,7,20642.892809173405
2021,9,8,0.0
2021,9,9,2624.48546653429
2021,9,10,472.8654248157145
2021,9,11,0.0
2021,9,12,5147.446372967556
2021,9,13,12606.3293475175
2021,9,14,9748.026323631373
2021,9,15,0.0
2021,9,16,0.0
2021,9,17,2371.7455649291564
2021,9,18,0.0
2021,9,19,18712.04108127187
2021,9,20,24583.48365507298
2021,9,21,0.0
2021,9,22,11166.925822999037
2021,9,23,0.0
2021,9,24,0.0
2021,9,25,10385.710126305255
2021,9,26,0.0
2021,9,27,5570.324842940677
2021,9,28,0.0
2021,9,29,27920.29042142801
2021,9,30,34.663081974344095
2021,10,1,0.0
2021,10,2,0.0
2021,10,3,26830.221072717257
2021,10,4,0.0
2021,10,5,7005.636278521977
2021,10,6,16886.731369606525
2021,10,7,0.0
2021,10,9,0.0
2021,10,10,0.0
2021,10,11,12366.426262213521
2021,10,12,0.0
2021,10,13,0.0
2021,10,14,17674.200277559772
2021,10,15,0.0
2021,10,16,0.0
2021,10,17,4583.531606288793
2021,10,19,0.0
2021,10,20,11735.936639790163
2021,10,21,0.0
2021,10,22,0.0
2021,10,23,4451.324261261892
2021,10,24,0.0
2021,10,25,1272.9326140258295
2021,10,26,0.0
2021,10,27,3363.37591748971
2021,10,28,0.0
2021,10,29,8303.146591064187
2021,10,30,0.0
2021,10,31,6394.681136630744
2021,11,1,0.0
2021,11,2,466.4437410419075
2021,11,3,0.0
2021,11,4,5779.884063060962
2021,11,6,0.0
2021,11,7,2442.2161266384032
2021,11,8,0.0
2021,11,10,98.64960440291435
2021,11,11,1861.788763256402
2021,11,12,0.0
2021,11,13,4601.000121350929
2021,11,15,0.0
2021,11,16,3081.4762182371474
2021,11,17,0.0
2021,11,18,471.6774163439417
2021,11,19,0.0
2021,11,20,0.0
2021,11,21,0.0
2021,11,22,7.706753319434284
2021,11,23,3022.0255554881064
2021,11,24,0.0
2021,11,25,0.0
2021,11,27,5468.504109213741
2021,11,28,0.0
2021,11,29,0.0
2021,11,30,0.0
2021,12,1,678.3528388790021
2021,12,2,0.0
2021,12,3,0.0
2021,12,4,445.6497686910852
2021,12,5,0.0
2021,12,6,340.2444953617074
2021,12,7,0.0
2021,12,8,154.41229660909107
2021,12,9,529.3660720750624
2021,12,12,0.0
2021,12,13,0.0
2021,12,14,1170.1813405354465
2021,12,15,0.0
2021,12,16,0.0
2021,12,17,0.0
2021,12,19,0.0
2021,12,21,126.02308279762944
2021,12,22,618.8394510474434
2021,12,24,76.6271787205992
2021,12,26,803.8875079333491
2021,12,27,0.0
2021,12,28,641.7697988501485
2021,12,29,0.0
2021,12,30,891.6610149163976
2022,1,1,584.3457913134886
2022,1,3,623.6077359203425
2022,1,4,0.0
2022,1,5,0.0
2022,1,6,3823.736117848753
2022,1,7,0.0
2022,1,8,0.0
2022,1,10,49.958215251102544
2022,1,11,5387.747298205796
2022,1,12,0.0
2022,1,13,629.0010365762312
2022,1,14,0.0
2022,1,15,7594.0330875561385
2022,1,16,0.0
2022,1,17,4510.214271815027
2022,1,18,0.0
2022,1,19,1152.3154947499108
2022,1,20,508.04000217232624
2022,1,21,1591.1300467374967
2022,1,22,0.0
2022,1,23,4001.356635223782
2022,1,24,0.0
2022,1,25,0.0
2022,1,26,0.0
2022,1,27,2013.8398162801352
2022,1,29,0.0
2022,1,31,0.0
2022,2,1,332.6174379200236
2022,2,2,0.0
2022,2,3,45.833611303983275
2022,2,4,1182.27631160669
2022,2,5,0.0
2022,2,7,164.0137558299757
2022,2,8,0.0
2022,2,9,309.17476594445907
2022,2,10,0.0
2022,2,11,117.54550404550469
2022,2,12,1098.3034113625195
2022,2,14,0.0
2022,2,15,898.8850020685555
2022,2,16,0.0
2022,2,17,1194.3334323132185
2022,2,18,0.0
2022,2,20,0.0
2022,2,21,706.2561966793184
2022,2,22,866.6421051847519
2022,2,23,0.0
2022,2,25,2529.0006549079135
2022,2,27,2101.7289879906316
2022,2,28,0.0
2022,3,1,0.0
2022,3,2,2416.228770319526
2022,3,3,1166.3866482358676
2022,3,4,0.0
2022,3,5,56.96001234922625
2022,3,6,148.46575671913615
2022,3,7,279.29935826630117
2022,3,8,0.0
2022,3,9,0.0
2022,3,10,93.92383961746471
2022,3,11,336.6253926862878
2022,3,12,0.0
2022,3,13,1348.5177297895893
2022,3,16,3538.926525524744
2022,3,17,0.0
2022,3,18,0.0
2022,3,19,1560.3872945133453
2022,3,20,0.0
2022,3,21,0.0
2022,3,22,858.9473008242929
2022,3,23,2982.99748870813
2022,3,24,0.0
2022,3,25,250.29667243687436
2022,3,26,0.0
2022,3,28,308.5818246141323
2022,3,29,0.0
2022,3,30,90.56687066221544
2022,4,1,991.1924489945042
2022,4,2,0.0
2022,4,3,2585.8019180695915
2022,4,4,0.0
2022,4,5,0.0
2022,4,6,2314.360902280011
2022,4,7,0.0
2022,4,8,11730.118975623885
2022,4,9,0.0
2022,4,10,0.0
2022,4,11,0.0
2022,4,12,1350.188764730157
2022,4,13,1373.2448469750295
2022,4,14,2715.1003858754198
2022,4,15,0.0
2022,4,18,0.0
2022,4,19,3047.7380130516494
2022,4,20,0.0
2022,4,21,233.4584327474838
2022,4,22,1586.477725867453
2022,4,23,2438.146004586222
2022,4,24,0.0
2022,4,25,16782.869587082492
2022,4,26,0.0
2022,4,27,0.0
2022,4,28,1557.1520646420531
2022,4,29,4222.31659223008
2022,4,30,0.0
2022,5,1,0.0
2022,5,2,1739.0290356814667
2022,5,3,0.0
2022,5,4,190.0618834883133
2022,5,5,1754.0989837956536
2022,5,6,0.0
2022,5,7,0.0
2022,5,8,1989.4690940858702
2022,5,9,0.0
2022,5,10,9109.728386239965
2022,5,11,0.0
2022,5,12,8214.427482476505
2022,5,13,0.0
2022,5,14,401.1994459475766
2022,5,15,5139.592698909355
2022,5,17,0.0
2022,5,18,2560.570853413725
2022,5,19,2139.2247481657455
2022,5,20,5718.366241984634
2022,5,21,0.0
2022,5,22,9477.610482005268
2022,5,23,0.0
2022,5,24,432.3784851079622
2022,5,25,0.0
2022,5,26,0.0
2022,5,27,1447.3285677041192
2022,5,28,0.0
2022,5,29,0.0
2022,5,30,5349.934907153963
2022,5,31,169.90432912569213
2022,6,2,0.0
2022,6,3,0.0
2022,6,4,212.60243355090495
2022,6,5,257.473040217364
2022,6,6,650.0552631145306
2022,6,7,0.0
2022,6,8,2110.706881216581
2022,6,9,0.0
2022,6,10,0.0
2022,6,12,1011.5467667749392
2022,6,13,17306.790541524384
2022,6,14,0.0
2022,6,15,0.0
2022,6,16,228.27832508538188
2022,6,17,24391.347853972457
2022,6,18,0.0
2022,6,19,4045.409798667351
2022,6,20,0.0
2022,6,21,723.1756966952707
2022,6,22,447.1893372246541
2022,6,23,616.6184215649246
2022,6,24,9574.343638926946
2022,6,25,0.0
2022,6,26,0.0
2022,6,27,0.0
2022,6,28,1784.7105240532849
2022,6,29,5231.390000542359
2022,6,30,6940.544845629898
2022,7,1,0.0
2022,7,2,0.0
2022,7,3,0.0
2022,7,4,0.0
2022,7,5,4836.522264836108
2022,7,6,26087.593174188136
2022,7,7,0.0
2022,7,8,0.0
2022,7,9,21595.69592734496
2022,7,10,0.0
2022,7,11,4366.52863227309
2022,7,12,20369.289158047504
2022,7,13,0.0
2022,7,14,0.0
2022,7,15,0.0
2022,7,16,4886.113469020916
2022,7,17,2406.0174260312533
2022,7,18,0.0
2022,7,19,6156.297099761511
2022,7,20,5273.567501708241
2022,7,21,0.0
2022,7,22,3541.9864041716555
2022,7,23,0.0
2022,7,24,5522.1304333839325
2022,7,25,11555.735282190719
2022,7,26,0.0
2022,7,27,6046.0015891654
2022,7,28,0.0
2022,7,29,6633.7750911961575
2022,7,30,0.0
2022,7,31,1813.773862973705
2022,8,1,3753.597319458241
2022,8,2,10085.400960275518
2022,8,3,0.0
2022,8,4,0.0
2022,8,5,2799.6406437138958
2022,8,6,0.0
2022,8,7,2351.019828729931
2022,8,8,4068.885143706967
2022,8,9,0.0
2022,8,10,1743.6346230217205
2022,8,11,17376.161191416853
2022,8,12,0.0
2022,8,13,7439.893689337852
2022,8,14,0.0
2022,8,15,0.0
2022,8,16,16064.745350209236
2022,8,17,33927.28672684741
2022,8,18,0.0
2022,8,19,0.0
2022,8,20,32337.614194088794
2022,8,21,0.0
2022,8,22,3947.251598288125
2022,8,23,155332.56884257006
2022,8,24,0.0
2022,8,25,0.0
2022,8,26,6681.140812988477
2022,8,27,0.0
2022,8,28,3706.1978585622646
2022,8,29,14415.87010774732
2022,8,30,40865.221442304624
2022,8,31,0.0
2022,9,1,20547.726551575262
2022,9,2,0.0
2022,9,3,43615.020945629985
2022,9,4,0.0
2022,9,5,33725.804811112575
2022,9,6,0.0
2022,9,7,0.0
2022,9,8,5752.156416670442
2022,9,9,65464.066469179335
2022,9,10,0.0
2022,9,11,0.0
2022,9,12,79468.95017239782
2022,9,13,0.0
2022,9,14,19778.58935267053
2022,9,15,0.0
2022,9,16,0.0
2022,9,17,660.9257758205276
2022,9,18,5427.289854245502
2022,9,19,0.0
2022,9,20,63473.03020990624
2022,9,21,0.0
2022,9,22,0.0
2022,9,23,5597.7407581119505
2022,9,24,58283.97941831091
2022,9,25,0.0
2022,9,26,53376.178014317404
2022,9,27,0.0
2022,9,28,0.0
2022,9,29,0.0
2022,9,30,14142.720792441025
2022,10,1,0.0
2022,10,2,42303.71410073388
2022,10,3,0.0
2022,10,4,58792.91925153688
2022,10,5,0.0
2022,10,6,0.0
2022,10,7,0.0
2022,10,8,60138.45958353322
2022,10,9,0.0
2022,10,10,66.95308925594236
2022,10,11,6082.9847911073
2022,10,12,273.8037558729511
2022,10,13,0.0
2022,10,14,2955.55400895836
2022,10,15,0.0
2022,10,16,392.8836522909081
2022,10,17,38672.91486101929
2022,10,18,0.0
2022,10,19,4550.847363071752
2022,10,20,10842.612614909172
2022,10,21,0.0
2022,10,22,0.0
2022,10,23,2901.872627549335
2022,10,24,0.0
2022,10,25,5914.955134513253
2022,10,26,0.0
2022,10,27,840.0323633262042
2022,10,28,0.0
2022,10,29,12869.960625437554
2022,10,30,0.0
2022,10,31,5545.881565264067
2022,11,1,0.0
2022,11,2,6061.1499134440855
2022,11,3,34638.867560266954
2022,11,4,0.0
2022,11,5,7630.423967299559
2022,11,6,0.0
2022,11,7,0.0
2022,11,8,1039.906466197628
2022,11,9,9541.430415747836
2022,11,10,0.0
2022,11,11,5095.681863416747
2022,11,12,0.0
2022,11,13,0.0
2022,11,14,3629.045141542517
2022,11,15,0.0
2022,11,16,5853.279148116346
2022,11,17,0.0
2022,11,18,484.7174996527606
2022,11,19,0.0
2022,11,20,5707.760495436779
2022,11,21,0.0
2022,11,22,0.0
2022,11,23,458.0975076368651
2022,11,24,1263.7019075622393
2022,11,26,1803.0224346523323
2022,11,27,0.0
2022,11,28,254.47529632096524
2022,11,29,507.95127259387357
2022,11,30,0.0
2022,12,1,0.0
2022,12,2,1686.8030279519264
2022,12,3,0.0
2022,12,4,0.0
2022,12,5,395.4308714993442
2022,12,6,1990.738217516981
2022,12,7,956.8310147507068
2022,12,8,207.02463338042662
2022,12,9,0.0
2022,12,10,590.608215305126
2022,12,11,1024.3668144093517
2022,12,12,0.0
2022,12,13,388.0127797244795
2022,12,14,3687.3100338521294
2022,12,15,0.0
2022,12,16,0.0
2022,12,17,0.0
2022,12,18,558.4318923487294
2022,12,20,0.0
2022,12,21,358.0619908531533
2022,12,22,0.0
2022,12,23,675.3157703621962
2022,12,24,1119.051923553327
2022,12,25,0.0
2022,12,26,0.0
2022,12,27,528.2486247059403
2022,12,28,0.0
2022,12,29,0.0
2022,12,30,167.908233984783
2022,12,31,861.2129864063126
2023,1,1,0.0
2023,1,2,74.26226186485545
2023,1,3,1479.9484446226593
2023,1,4,0.0
2023,1,5,319.13125239302866
2023,1,6,0.0
2023,1,8,274.4984460442205
2023,1,9,0.0
2023,1,11,561.5621152509723
2023,1,12,0.0
2023,1,13,327.05788039956076
2023,1,14,0.0
2023,1,16,214.71271919760716
2023,1,17,544.81652364519
2023,1,18,712.1968321527934
2023,1,19,0.0
2023,1,20,1746.7975455651065
2023,1,21,0.0
2023,1,22,1838.4678009346267
2023,1,23,0.0
2023,1,24,0.0
2023,1,25,435.9541557148932
2023,1,26,0.0
2023,1,27,0.0
2023,1,28,2807.290464774325
2023,1,29,0.0
2023,1,30,0.0
2023,1,31,163.44735365069698
2023,2,1,1232.130974804164
2023,2,2,0.0
2023,2,3,1426.2541721027533
2023,2,4,0.0
2023,2,5,0.0
2023,2,6,0.0
2023,2,7,777.4423465717236
2023,2,8,0.0
2023,2,9,1557.440016242638
2023,2,10,24.32236413382884
2023,2,11,0.0
2023,2,12,4243.4638239927135
2023,2,13,0.0
2023,2,14,5991.729942562752
2023,2,15,0.0
2023,2,16,0.0
2023,2,17,0.0
2023,2,18,0.0
2023,2,19,39.82816744834948
2023,2,20,32.999621356830744
2023,2,21,0.0
2023,2,22,410.5561575800255
2023,2,23,6775.008338820102
2023,2,24,0.0
2023,2,25,0.0
2023,2,26,0.0
2023,2,27,1825.601777081165
2023,2,28,0.0
2023,3,1,2456.641803316774
2023,3,2,0.0
2023,3,3,1310.3024575319005
2023,3,4,833.5483625339505
2023,3,5,0.0
2023,3,6,636.4179332806168
2023,3,7,0.0
2023,3,8,423.9243869590686
2023,3,9,2236.819685800078
2023,3,10,0.0
2023,3,11,700.8852821272548
2023,3,12,0.0
2023,3,13,1730.6557509742272
2023,3,14,0.0
2023,3,15,3884.3100029041175
2023,3,16,0.0
2023,3,17,0.0
2023,3,18,59.69103007053107
2023,3,19,919.2806863406215
2023,3,20,0.0
2023,3,21,250.74174108110424
2023,3,22,0.0
2023,3,23,3037.562893782414
2023,3,24,0.0
2023,3,26,3041.2889959297386
2023,3,27,0.0
2023,3,28,3288.780808916805
2023,3,29,356.6035926046143
2023,3,30,0.0
2023,3,31,997.3939969064777
2023,4,1,0.0
2023,4,2,1085.4738402808184
2023,4,3,0.0
2023,4,4,1279.8208730924978
2023,4,5,1355.923828691414
2023,4,7,0.0
2023,4,8,1005.5781612093577
2023,4,10,0.0
2023,4,11,1285.4362492829268
2023,4,12,5774.477205959938
2023,4,13,0.0
2023,4,14,0.0
2023,4,15,0.0
2023,4,16,314.5019139219529
2023,4,17,2870.4247805883488
2023,4,18,0.0
2023,4,19,824.3668198711216
2023,4,20,0.0
2023,4,21,0.0
2023,4,22,127.4345820027917
2023,4,23,894.5294455582498
2023,4,24,646.1162102448084
2023,4,25,3795.030886794376
2023,4,26,0.0
2023,4,27,0.0
2023,4,28,0.0
2023,4,29,1128.9843147350462
2023,4,30,0.0
2023,5,1,0.0
2023,5,2,0.0
2023,5,3,5790.11139544098
2023,5,4,6909.484913923305
2023,5,5,50.45478736981386
2023,5,6,0.0
2023,5,7,4399.877519796195
2023,5,8,0.0
2023,5,9,128.33241388337095
2023,5,10,23640.44773046828
2023,5,11,0.0
2023,5,12,235.89125605146532
2023,5,13,2041.2433655876916
2023,5,14,1422.7628974492463
2023,5,15,11507.750706056668
2023,5,16,0.0
2023,5,17,883.742068531265
2023,5,18,0.0
2023,5,19,0.0
2023,5,20,5503.0140401355975
2023,5,21,0.0
2023,5,22,1642.711536572923
2023,5,23,25222.071371076265
2023,5,24,0.0
2023,5,25,3256.216841495867
2023,5,26,0.0
2023,5,27,5519.496480456239
2023,5,28,0.0
2023,5,29,1907.3644568318364
2023,5,30,0.0
2023,5,31,0.0
2023,6,1,1188.6983004407743
2023,6,2,4694.849516850163
2023,6,3,0.0
2023,6,4,5664.268966576964
2023,6,5,1418.1198308320927
2023,6,6,0.0
2023,6,7,0.0
2023,6,8,0.0
2023,6,9,7094.614780453861
2023,6,11,0.0
2023,6,12,569.2674521449981
2023,6,13,0.0
2023,6,14,0.0
2023,6,15,3408.527463496351
2023,6,16,3261.6200161394027
2023,6,17,0.0
2023,6,18,1781.4461833695548
2023,6,19,0.0
2023,6,20,1252.9294559373689
2023,6,21,872.0941856582776
2023,6,22,10125.042115387872
2023,6,23,0.0
2023,6,24,3606.0210251820486
2023,6,25,1002.8430164735582
2023,6,26,10122.98220889525
2023,6,27,0.0
2023,6,28,0.0
2023,6,29,5204.507741939651
2023,6,30,0.0
2023,7,1,382.5953466058372
2023,7,2,75.44332022090907
2023,7,3,3607.0839899305965
2023,7,4,0.0
2023,7,5,247.00846543008925
2023,7,6,4690.571561900071
2023,7,8,0.0
2023,7,9,0.0
2023,7,10,135.5143202729766
2023,7,11,4920.193168522836
2023,7,12,0.0
2023,7,13,0.0
2023,7,14,4411.416983313266
2023,7,15,0.0
2023,7,16,5908.890539723896
2023,7,17,0.0
2023,7,18,0.0
2023,7,19,16092.877611249425
2023,7,20,0.0
2023,7,21,0.0
2023,7,22,19866.846132621846
2023,7,23,0.0
2023,7,24,29433.278574757627
2023,7,25,0.0
2023,7,26,7081.219122011209
2023,7,27,0.0
2023,7,28,0.0
2023,7,29,0.0
2023,7,30,51.01880607511964
2023,7,31,5632.647153853655
2023,8,1,3235.366053188377
2023,8,2,0.0
2023,8,3,6773.7012596124605
2023,8,4,0.0
2023,8,7,9601.632266406741
2023,8,8,0.0
2023,8,9,0.0
2023,8,10,23925.35368242704
2023,8,11,0.0
2023,8,12,0.0
2023,8,13,15665.802692709905
2023,8,14,0.0
2023,8,15,1163.2438261469824
2023,8,16,29350.019026639995
2023,8,17,0.0
2023,8,18,0.0
2023,8,19,3880.243941953354
2023,8,20,8532.681018453737
2023,8,21,0.0
2023,8,22,22055.08661639518
2023,8,23,0.0
2023,8,24,0.0
2023,8,25,0.0
2023,8,26,0.0
2023,8,28,14678.2443238795
2023,8,29,0.0
2023,8,30,6030.364955120171
2023,8,31,0.0
2023,9,1,0.0
2023,9,2,23453.06401872363
2023,9,3,0.0
2023,9,6,0.0
2023,9,7,6559.2104721314445
2023,9,8,0.0
2023,9,9,4471.056504918463
2023,9,10,0.0
2023,9,11,0.0
2023,9,12,9785.256782104245
2023,9,13,2131.516948748402
2023,9,14,1066.2689029224985
2023,9,15,4139.346589453973
2023,9,16,0.0
2023,9,17,0.0
2023,9,18,917.9360821035616
2023,9,19,6624.07122200095
2023,9,20,6039.665807431025
2023,9,21,0.0
2023,9,22,981.7430030253345
2023,9,23,0.0
2023,9,24,1611.5558687745347
2023,9,25,19139.725671948283
2023,9,26,600.8115019975485
2023,9,27,44201.98869161507
2023,9,28,0.0
2023,9,29,18783.343353526612
2023,9,30,0.0
2023,10,1,0.0
2023,10,2,36320.55345395039
2023,10,3,0.0
2023,10,4,2877.3578138712137
2023,10,5,0.0
2023,10,6,4010.5950404002597
2023,10,7,4041.93571986158
2023,10,8,0.0
2023,10,9,46076.772335153626
2023,10,10,0.0
2023,10,11,0.0
2023,10,12,4477.455830810217
2023,10,13,0.0
2023,10,14,0.0
2023,10,15,4530.614415944444
2023,10,16,0.0
2023,10,17,21432.40572736194
2023,10,18,12034.002114591014
2023,10,19,0.0
2023,10,20,2862.998416333641
2023,10,21,0.0
2023,10,22,14566.174633260867
2023,10,23,0.0
2023,10,24,3487.047895887261
2023,10,25,14090.16263318749
2023,10,26,0.0
2023,10,27,22788.07690862123
2023,10,28,0.0
2023,10,29,21262.42546020088
2023,10,30,0.0
2023,10,31,0.0
2023,11,1,12540.584707333453
2023,11,2,0.0
2023,11,3,0.0
2023,11,4,0.0
2023,11,5,0.0
2023,11,6,464.0594536348872
2023,11,7,5673.537494281381
2023,11,8,2867.3523028472846
2023,11,9,5324.115871171201
2023,11,10,0.0
2023,11,11,4244.995419026765
2023,11,12,32172.003829461064
2023,11,13,0.0
2023,11,14,18630.235004745402
2023,11,15,0.0
2023,11,16,32296.066878002253
2023,11,17,0.0
2023,11,18,10197.96514109203
2023,11,19,0.0
2023,11,20,0.0
2023,11,21,5162.808609292689
2023,11,22,0.0
2023,11,23,591.3447144914401
2023,11,24,12562.25545153775
2023,11,25,2810.8468679337057
2023,11,26,0.0
2023,11,27,0.0
2023,11,28,12111.403033906976
2023,11,29,0.0
2023,11,30,359.6030289477194
2023,12,1,14795.571511542152
2023,12,2,0.0
2023,12,3,5467.824854647395
2023,12,4,0.0
2023,12,5,0.0
2023,12,6,8376.760835974843
2023,12,7,0.0
2023,12,8,0.0
2023,12,9,8728.253753081932
2023,12,10,0.0
2023,12,11,42.10279484188385
2023,12,12,11418.113187067074
2023,12,13,0.0
2023,12,14,0.0
2023,12,15,0.0
2023,12,16,62732.56341868182
2023,12,17,0.0
2023,12,18,27165.629496678626
2023,12,19,0.0
2023,12,20,47.427174094147176
2023,12,21,3985.677999445846
2023,12,23,0.0
2023,12,24,7978.3491393174645
2023,12,25,0.0
2023,12,26,1343.9894645414033
2023,12,27,0.0
2023,12,28,1149.6057072074664
2023,12,29,3977.34156182408
2023,12,30,0.0
2023,12,31,1502.3575088458492
2024,1,1,0.0
2024,1,2,2503.598659776754
2024,1,3,0.0
2024,1,4,528.9982093187964
2024,1,5,2366.8441124510864
2024,1,6,0.0
2024,1,7,617.1024554817657
2024,1,8,1282.102490607691
2024,1,9,0.0
2024,1,10,5166.448526520965
2024,1,11,0.0
2024,1,12,64.29327271977587
2024,1,13,0.0
2024,1,14,0.0
2024,1,15,267.760258909962
2024,1,16,1601.026460608779
2024,1,17,910.924669257367
2024,1,18,10485.121870846227
2024,1,19,0.0
2024,1,20,1462.6476332056902
2024,1,21,0.0
2024,1,22,0.0
2024,1,23,843.6770630134995
2024,1,24,0.0
2024,1,25,805.6960322743082
2024,1,27,0.0
2024,1,28,388.79029618948243
2024,1,29,888.168015391969
2024,1,30,3016.672804717177
2024,1,31,0.0
2024,2,3,526.9416672292975
2024,2,4,677.965287505809
2024,2,5,13180.456558277545
2024,2,6,0.0
2024,2,7,692.0348876951505
2024,2,8,0.0
2024,2,9,1993.3106616887774
2024,2,10,0.0
2024,2,11,352.09404013053324
2024,2,12,2520.4628016547226
2024,2,14,25277.62114872286
2024,2,15,0.0
2024,2,16,5928.078400920009
2024,2,17,0.0
2024,2,18,1535.1018995684785
2024,2,19,11916.345934456534
2024,2,20,0.0
2024,2,21,20267.73429082903
2024,2,22,4401.920833124459
2024,2,23,0.0
2024,2,24,0.0
2024,2,25,1784.4659972655427
2024,2,26,0.0
2024,2,27,2.247792894094232
2024,2,28,10439.965264706869
2024,2,29,81422.43015528149
2024,3,1,0.0
2024,3,2,2481.4939938547323
2024,3,4,0.0
2024,3,5,10675.411328746399
2024,3,6,0.0
2024,3,7,0.0
2024,3,8,0.0
2024,3,9,0.0
2024,3,10,42756.78900004789
2024,3,11,0.0
2024,3,12,591.2572571122093
2024,3,13,0.0
2024,3,14,7100.375943478361
2024,3,15,0.0
2024,3,16,0.0
2024,3,17,390.6633967219524
2024,3,18,724.3805412184358
2024,3,19,0.0
2024,3,20,0.0
2024,3,21,0.0
2024,3,22,97761.438300867
2024,3,23,0.0
2024,3,24,0.0
2024,3,26,145.70734171711672
2024,3,27,83300.49169264763
2024,3,28,0.0
2024,3,30,4845.357551701592
2024,3,31,0.0
2024,4,1,6544.396697901795
2024,4,2,0.0
2024,4,3,7497.426693711941
2024,4,4,0.0
2024,4,5,0.0
2024,4,6,97.74037098318746
2024,4,7,0.0
2024,4,8,103810.78601750592
2024,4,9,0.0
2024,4,10,0.0
2024,4,11,1500.0379151939876
2024,4,12,0.0
2024,4,13,441.2037840598899
2024,4,14,0.0
2024,4,15,0.0
2024,4,16,0.0
2024,4,17,177.84263279391956
2024,4,18,493.86452822424377
2024,4,19,0.0
2024,4,20,405.81447825751604
2024,4,21,0.0
2024,4,22,230.96710681303975
2024,4,23,1728.0853646042933
2024,4,24,0.0
2024,4,25,0.0
2024,4,26,2581.0292701826215
2024,4,27,0.0
2024,4,28,2771.978719794988
2024,4,29,18450.880476291048
2024,4,30,0.0
2024,5,1,4928.681447440254
2024,5,2,42698.40702799913
2024,5,3,0.0
2024,5,4,19276.849882638206
2024,5,5,30002.57961736769
2024,5,6,0.0
2024,5,7,19446.711139970517
2024,5,8,0.0
2024,5,9,18208.129854464685
2024,5,10,0.0
2024,5,11,5084.742318211173
2024,5,12,5443.740474102164
2024,5,13,0.0
2024,5,14,3289.43734585123
2024,5,15,0.0
2024,5,16,2767.3966781846807
2024,5,17,0.0
2024,5,18,0.0
2024,5,19,9785.772122964978
2024,5,20,0.0
2024,5,21,3957.4332034290273
2024,5,22,0.0
2024,5,23,0.0
2024,5,24,3591.8771706278476
2024,5,25,0.0
2024,5,26,0.0
2024,5,27,12252.352312588253
2024,5,28,0.0
2024,5,29,2511.3363208003134
2024,5,30,0.0
2024,5,31,7414.01856329604
2024,6,1,0.0
2024,6,2,2940.4410555368277
2024,6,3,0.0
2024,6,4,1000.6246439538209
2024,6,5,4469.451076804699
2024,6,6,5631.463924072581
2024,6,7,0.0
2024,6,8,2745.166276150311
2024,6,9,0.0
2024,6,10,1787.7956362986315
2024,6,11,11413.0640592693
2024,6,12,0.0
2024,6,13,0.0
2024,6,14,0.0
2024,6,15,4653.91908885677
2024,6,16,0.0
2024,6,17,4378.113836670773
2024,6,18,0.0
2024,6,19,590.2594539186657
2024,6,20,0.0
2024,6,21,6883.545221267613
2024,6,22,0.0
2024,6,23,2119.216778810251
2024,6,24,2182.695354469531
2024,6,25,423.28484469940577
2024,6,26,0.0
2024,6,27,0.0
2024,6,28,1442.8041259255515
2024,6,29,0.0
2024,6,30,8306.45727184264
2024,7,1,0.0
2024,7,2,3665.0274517307607
2024,7,3,0.0
2024,7,4,4994.606157089091
2024,7,5,0.0
2024,7,6,0.0
2024,7,7,0.0
2024,7,8,25915.7555575407
2024,7,9,0.0
2024,7,10,0.0
2024,7,11,2654.260175269381
2024,7,12,0.0
2024,7,13,12948.20437673478
2024,7,14,0.0
2024,7,15,2867.555643746371
2024,7,16,24792.38117299959
2024,7,17,0.0
2024,7,18,3132.459892798086
2024,7,19,0.0
2024,7,20,6485.115085334064
2024,7,21,0.0
2024,7,22,2250.105990763488
2024,7,23,7703.373100704892
2024,7,24,0.0
2024,7,25,12433.554101374302
2024,7,26,0.0
2024,7,27,0.0
2024,7,28,16623.83928890823
2024,7,29,0.0
2024,7,30,1146.859750994713
2024,7,31,0.0
2024,8,1,676.6251888667775
2024,8,2,0.0
2024,8,3,0.0
2024,8,4,6374.625763220467
2024,8,5,14628.292841189657
2024,8,6,0.0
2024,8,7,41115.999914065455
2024,8,8,0.0
2024,8,9,0.0
2024,8,10,0.0
2024,8,11,0.0
2024,8,12,4120.648327018352
2024,8,13,0.0
2024,8,14,19346.636228231087
2024,8,15,0.0
2024,8,16,0.0
2024,8,17,46207.14614829239
2024,8,18,0.0
2024,8,19,20417.088050593586
2024,8,20,0.0
2024,8,21,0.0
2024,8,22,22363.154342433245
2024,8,23,14411.101492637423
2024,8,24,0.0
2024,8,25,22353.63704126473
2024,8,26,0.0
2024,8,27,82146.10277015294
2024,8,28,0.0
2024,8,29,4125.210990693253
2024,8,30,15807.345468327934
2024,8,31,0.0
2024,9,1,66678.0998650546
2024,9,2,0.0
2024,9,3,5244.24103130336
2024,9,4,67918.05960823882
2024,9,5,0.0
2024,9,6,160616.62734367803
2024,9,7,0.0
2024,9,8,27335.749635478613
2024,9,9,87517.30079398095
2024,9,10,0.0
2024,9,11,140462.41307598862
2024,9,12,0.0
2024,9,13,31836.53196225566
2024,9,14,75416.41880153478
2024,9,15,0.0
2024,9,16,88990.29381426318
2024,9,17,0.0
2024,9,18,0.0
2024,9,19,106160.97905558643
2024,9,20,0.0
2024,9,21,82456.85519445526
2024,9,22,0.0
2024,9,23,13866.639657275919
2024,9,24,106073.73253006874
2024,9,25,0.0
2024,9,26,140714.75637925713
2024,9,27,0.0
2024,9,28,107537.29949244988
2024,9,29,324708.4024228456
2024,10,1,0.0
2024,10,2,0.0
2024,10,3,3763.848670537162
2024,10,4,49414.53890693384
2024,10,5,0.0
2024,10,6,96358.92311998397
2024,10,7,0.0
2024,10,8,161702.82258411887
2024,10,9,0.0
2024,10,10,0.0
2024,10,11,156465.6226249012
2024,10,12,0.0
2024,10,13,13839.705663036477
2024,10,14,85603.30785447903
2024,10,15,0.0
2024,10,16,41605.82196578382
2024,10,17,0.0
2024,10,18,23575.3913899904
2024,10,19,0.0
2024,10,20,0.0
2024,10,21,34250.724269940314
2024,10,22,28326.42697472884
2024,10,23,0.0
2024,10,24,0.0
2024,10,25,0.0
2024,10,26,31422.846317281
2024,10,27,0.0
2024,10,28,6814.665182732664
2024,10,29,23302.416915150912
2024,10,30,0.0
2024,10,31,0.0
2024,11,1,4627.38681263734
2024,11,2,0.0
2024,11,3,44475.88206603981
2024,11,4,0.0
2024,11,5,4394.8311657052645
2024,11,6,19030.18772653521
2024,11,7,0.0
2024,11,8,0.0
2024,11,9,281.3484203147376
2024,11,10,18079.130233659733
2024,11,11,0.0
2024,11,12,215.67822287635772
2024,11,13,0.0
2024,11,14,0.0
2024,11,15,318.3928642586603
2024,11,16,14893.203197931829
2024,11,17,0.0
2024,11,18,683.1351107429609
2024,11,19,0.0
2024,11,20,6300.0846218496645
2024,11,21,0.0
2024,11,23,36133.48978726148
2024,11,24,0.0
2024,11,25,17177.813183973853
2024,11,26,6944.839586187489
2024,11,27,1645.655944588023
2024,11,28,5208.116499601867
2024,11,29,0.0
2024,11,30,6430.512582936686
2024,12,1,0.0
2024,12,2,10193.538665445989
2024,12,3,0.0
2024,12,4,0.0
2024,12,6,0.0
2024,12,7,435.0783008406981
2024,12,8,17574.572409786426
2024,12,9,0.0
2024,12,10,8551.338946959053
2024,12,11,0.0
2024,12,12,0.0
2024,12,13,2805.0610812115815
2024,12,15,0.0
2024,12,16,6481.032988016381
2024,12,17,0.0
2024,12,18,0.0
2024,12,19,0.0
2024,12,20,1850.4464493494347
2024,12,21,0.0
2024,12,22,178.7559546350543
2024,12,24,217.22806191492487
2024,12,25,166.3868317597387
2024,12,26,6575.141012935053
2024,12,27,0.0
2024,12,29,0.0
2024,12,30,9.39020752567454
2024,12,31,273.1992186040311
2025,1,2,3701.6967106181387
2025,1,3,1013.6599538847236
2025,1,4,0.0
2025,1,5,886.3278813059069
2025,1,6,0.0
2025,1,7,124.70186821204793
2025,1,8,36.41762326822666
2025,1,10,1558.8225533424381
2025,1,11,0.0
2025,1,12,1195.188871338702
2025,1,13,442.9426810168443
2025,1,14,0.0
2025,1,15,0.0
2025,1,16,1203.2690434472597
2025,1,17,281.34149131517074
2025,1,18,0.0
2025,1,19,491.090922023008
2025,1,20,73.66991956188883
2025,1,21,0.0
2025,1,23,15977.44498181142
2025,1,24,0.0
2025,1,25,0.0
2025,1,26,4593.698213007187
2025,1,27,0.0
2025,1,28,19246.79549980087
2025,1,29,0.0
2025,1,30,0.0
2025,1,31,1134.1475501950508
2025,2,1,0.0
2025,2,2,5051.40171417683
2025,2,4,5044.820407964355
2025,2,6,0.0
2025,2,7,0.0
2025,2,8,1088.8911223592406
2025,2,9,4985.681423190432
2025,2,12,0.0
2025,2,15,0.0
2025,2,16,4167.606810669886
2025,2,17,0.0
2025,2,18,9867.265810156454
2025,2,19,0.0
2025,2,20,7394.654527516846
2025,2,21,0.0
2025,2,22,1735.4062980685394
2025,2,23,1797.0379412677921
2025,2,24,0.0
2025,2,25,1023.4926674760197
2025,2,26,0.0
2025,2,27,0.0
2025,2,28,0.0
2025,3,2,4255.800376318072
2025,3,3,0.0
2025,3,6,0.0
2025,3,10,6496.546269435741
2025,3,11,0.0
2025,3,12,0.0
2025,3,13,132.67584021451967
2025,3,15,3380.9327840945484
2025,3,17,0.0
2025,3,18,0.0
2025,3,19,444.56178158401883
2025,3,22,645.5911372394019
2025,3,23,1488.5523091945738
2025,3,24,0.0
2025,3,25,518.3083326342014
2025,3,26,0.0
2025,3,27,0.0
2025,3,28,0.0
